date,num_files,num_types,num_methods,num_lines
2025-01-16,105,526,3312,20428
2025-01-17,105,525,3285,18450
2025-01-19,105,525,3285,18450
2025-01-19,105,520,3257,18316
2025-01-21,106,519,3236,18241
2025-01-22,106,519,3232,18235
2025-01-22,106,519,3232,18235
2025-01-23,106,519,3232,18235
2025-01-24,106,520,3238,18333
2025-01-25,106,520,3238,18333
2025-01-26,106,520,3237,18255
2025-01-28,110,529,3334,18660
2025-01-28,110,536,3350,18657
2025-01-29,108,522,3189,18141
2025-01-30,106,512,3061,17706
2025-02-01,106,512,3062,17704
2025-02-01,106,512,3054,17683
2025-02-03,106,512,3061,17707
2025-02-03,106,511,3056,17620
2025-02-04,106,512,3060,17656
2025-02-05,107,513,3056,17729
2025-02-06,109,519,3089,17660
2025-02-07,110,522,3096,17716
2025-02-09,110,522,3096,17716
2025-02-10,110,522,3092,17715
2025-02-11,110,522,3091,17497
2025-02-12,110,522,3091,17497
2025-02-13,109,519,2963,17153
2025-02-14,109,519,2963,17153
2025-02-14,109,519,2962,17152
2025-02-16,110,534,3074,17527
2025-02-16,110,534,3074,17527
2025-02-17,110,534,3074,17527
2025-02-18,110,535,3085,17520
2025-02-19,114,548,3171,17852
2025-02-20,117,552,3209,18110
2025-02-21,117,552,3206,18141
2025-02-22,117,552,3206,18141
2025-02-23,116,552,3207,17897
2025-02-25,116,549,3205,17914
2025-02-25,116,552,3230,17995
2025-02-26,116,552,3225,17993
2025-02-27,116,550,3168,17691
2025-03-01,116,551,3176,17712
2025-03-01,116,551,3176,17712
2025-03-02,116,551,3179,17725
2025-03-03,117,551,3181,17715
2025-03-05,118,575,3237,17865
2025-03-05,118,578,3258,17933
2025-03-07,116,582,3224,17032
2025-03-07,115,550,3096,16740
2025-03-08,115,550,3096,16761
2025-03-10,116,551,3107,16852
2025-03-10,118,546,3080,15253
